Document No,,Fix
1000006,,RT-20000006
1000007,,RT-20000007
1000008,,RT-20000008
1000009,,RT-20000009
1000010,,RT-20000010
1000011,,RT-20000011
1000012,,RT-20000012
1000013,,RT-20000013
1000014,,RT-20000014
1000015,,RT-20000015
1000016,,RT-20000016
1000017,,RT-20000017
1000018,,RT-20000018
1000019,,RT-20000019
1000020,,RT-20000020
1000021,,RT-20000021
1000022,,RT-20000022
1000023,,RT-20000023
1000024,,RT-20000024
1000025,,RT-20000025
1000026,,RT-20000026
1000027,,RT-20000027
1000028,,RT-20000028
1000029,,RT-20000029
1000030,,RT-20000030
1000031,,RT-20000031
1000032,,RT-20000032
1000033,,RT-20000033
1000034,,RT-20000034
1000035,,RT-20000035
1000036,,RT-20000036
1000037,,RT-20000037
1000038,,RT-20000038
1000039,,RT-20000039
1000040,,RT-20000040
1000041,,RT-20000041
1000042,,RT-20000042
1000043,,RT-20000043
1000044,,RT-20000044
1000045,,RT-20000045
1000046,,RT-20000046
1000047,,RT-20000047
1000048,,RT-20000048
1000049,,RT-20000049
1000050,,RT-20000050
1000051,,RT-20000051
1000052,,RT-20000052
1000053,,RT-20000053
1000054,,RT-20000054
1000055,,RT-20000055
1000056,,RT-20000056
1000057,,RT-20000057
1000058,,RT-20000058
1000059,,RT-20000059
1000060,,RT-20000060
1000061,,RT-20000061
1000062,,RT-20000062
1000063,,RT-20000063
1000064,,RT-20000064
1000065,,RT-20000065
1000066,,RT-20000066
1000067,,RT-20000067
1000068,,RT-20000068
1000069,,RT-20000069
1000070,,RT-20000070
1000071,,RT-20000071
1000072,,RT-20000072
1000073,,RT-20000073
1000074,,RT-20000074
1000075,,RT-20000075
1000076,,RT-20000076
1000077,,RT-20000077
1000078,,RT-20000078
1000079,,RT-20000079
1000080,,RT-20000080
1000081,,RT-20000081
1000082,,RT-20000082
1000083,,RT-20000083
1000084,,RT-20000084
1000085,,RT-20000085
1000086,,RT-20000086
1000087,,RT-20000087
1000088,,RT-20000088
1000089,,RT-20000089
1000090,,RT-20000090
1000091,,RT-20000091
1000092,,RT-20000092
1000093,,RT-20000093
1000094,,RT-20000094
1000095,,RT-20000095
1000096,,RT-20000096
1000097,,RT-20000097
1000098,,RT-20000098
1000099,,RT-20000099
1000100,,RT-20000100
1000101,,RT-20000101
1000102,,RT-20000102
1000103,,RT-20000103
1000104,,RT-20000104
1000105,,RT-20000105
1000106,,RT-20000106
1000107,,RT-20000107
1000108,,RT-20000108
1000109,,RT-20000109
1000110,,RT-20000110
1000111,,RT-20000111
1000112,,RT-20000112
1000113,,RT-20000113
1000114,,RT-20000114
1000115,,RT-20000115
1000116,,RT-20000116
1000117,,RT-20000117
1000118,,RT-20000118
1000119,,RT-20000119
1000120,,RT-20000120
1000121,,RT-20000121
1000122,,RT-20000122
1000123,,RT-20000123
1000124,,RT-20000124
1000125,,RT-20000125
1000126,,RT-20000126
1000127,,RT-20000127
1000128,,RT-20000128
1000129,,RT-20000129
1000130,,RT-20000130
1000131,,RT-20000131
1000132,,RT-20000132
1000133,,RT-20000133
1000134,,RT-20000134
1000135,,RT-20000135
1000136,,RT-20000136
1000137,,RT-20000137
1000138,,RT-20000138
1000139,,RT-20000139
1000140,,RT-20000140
1000141,,RT-20000141
1000142,,RT-20000142
1000143,,RT-20000143
1000144,,RT-20000144
1000145,,RT-20000145
1000146,,RT-20000146
1000147,,RT-20000147
1000148,,RT-20000148
1000149,,RT-20000149
1000150,,RT-20000150
1000151,,RT-20000151
1000152,,RT-20000152
1000153,,RT-20000153
1000154,,RT-20000154
1000155,,RT-20000155
1000156,,RT-20000156
1000157,,RT-20000157
1000158,,RT-20000158
1000159,,RT-20000159
1000160,,RT-20000160
1000161,,RT-20000161
1000162,,RT-20000162
1000163,,RT-20000163
1000164,,RT-20000164
1000165,,RT-20000165
1000166,,RT-20000166
1000167,,RT-20000167
1000168,,RT-20000168
1000169,,RT-20000169
1000170,,RT-20000170
1000171,,RT-20000171
1000172,,RT-20000172
1000173,,RT-20000173
1000174,,RT-20000174
1000175,,RT-20000175
1000176,,RT-20000176
1000177,,RT-20000177
1000178,,RT-20000178
1000179,,RT-20000179
1000180,,RT-20000180
1000181,,RT-20000181
1000182,,RT-20000182
1000183,,RT-20000183
1000184,,RT-20000184
1000185,,RT-20000185
1000186,,RT-20000186
1000187,,RT-20000187
1000188,,RT-20000188
1000189,,RT-20000189
1000190,,RT-20000190
1000191,,RT-20000191
1000192,,RT-20000192
1000193,,RT-20000193
1000194,,RT-20000194
1000195,,RT-20000195
1000196,,RT-20000196
1000197,,RT-20000197
1000198,,RT-20000198
1000199,,RT-20000199
1000200,,RT-20000200
1000201,,RT-20000201
1000202,,RT-20000202
1000203,,RT-20000203
1000204,,RT-20000204
1000205,,RT-20000205
1000206,,RT-20000206
1000207,,RT-20000207
1000208,,RT-20000208
1000209,,RT-20000209
1000210,,RT-20000210
1000211,,RT-20000211
1000212,,RT-20000212
1000213,,RT-20000213
1000214,,RT-20000214
1000215,,RT-20000215
1000216,,RT-20000216
1000217,,RT-20000217
1000218,,RT-20000218
1000219,,RT-20000219
1000220,,RT-20000220
1000221,,RT-20000221
1000222,,RT-20000222
1000223,,RT-20000223
1000224,,RT-20000224
1000225,,RT-20000225
1000226,,RT-20000226
1000227,,RT-20000227
1000228,,RT-20000228
1000229,,RT-20000229
1000230,,RT-20000230
1000231,,RT-20000231
1000232,,RT-20000232
1000233,,RT-20000233
1000234,,RT-20000234
1000235,,RT-20000235
1000236,,RT-20000236
1000237,,RT-20000237
1000238,,RT-20000238
1000239,,RT-20000239
1000240,,RT-20000240
1000241,,RT-20000241
1000242,,RT-20000242
1000243,,RT-20000243
1000244,,RT-20000244
1000245,,RT-20000245
1000246,,RT-20000246
1000247,,RT-20000247
1000248,,RT-20000248
1000249,,RT-20000249
1000250,,RT-20000250
1000251,,RT-20000251
1000252,,RT-20000252
1000253,,RT-20000253
1000254,,RT-20000254
1000255,,RT-20000255
1000256,,RT-20000256
1000257,,RT-20000257
1000258,,RT-20000258
1000259,,RT-20000259
1000260,,RT-20000260
1000261,,RT-20000261
1000262,,RT-20000262
1000263,,RT-20000263
1000264,,RT-20000264
1000265,,RT-20000265
1000266,,RT-20000266
1000267,,RT-20000267
1000268,,RT-20000268
1000269,,RT-20000269
1000270,,RT-20000270
1000271,,RT-20000271
1000272,,RT-20000272
1000273,,RT-20000273
1000274,,RT-20000274
1000275,,RT-20000275
1000276,,RT-20000276
1000277,,RT-20000277
1000278,,RT-20000278
1000279,,RT-20000279
1000280,,RT-20000280
1000281,,RT-20000281
1000282,,RT-20000282
1000283,,RT-20000283
1000284,,RT-20000284
1000285,,RT-20000285
1000286,,RT-20000286
1000287,,RT-20000287
1000288,,RT-20000288
1000289,,RT-20000289
1000290,,RT-20000290
1000291,,RT-20000291
1000292,,RT-20000292
1000293,,RT-20000293
1000294,,RT-20000294
1000295,,RT-20000295
1000296,,RT-20000296
1000297,,RT-20000297
1000298,,RT-20000298
1000299,,RT-20000299
1000300,,RT-20000300
1000301,,RT-20000301
1000302,,RT-20000302
1000303,,RT-20000303
1000304,,RT-20000304
1000305,,RT-20000305
1000306,,RT-20000306
1000307,,RT-20000307
1000308,,RT-20000308
1000309,,RT-20000309
1000310,,RT-20000310
1000311,,RT-20000311
1000312,,RT-20000312
1000313,,RT-20000313
1000314,,RT-20000314
1000315,,RT-20000315
1000316,,RT-20000316
1000317,,RT-20000317
1000318,,RT-20000318
1000319,,RT-20000319
1000320,,RT-20000320
1000321,,RT-20000321
1000322,,RT-20000322
1000323,,RT-20000323
1000324,,RT-20000324
1000325,,RT-20000325
1000326,,RT-20000326
1000327,,RT-20000327
1000328,,RT-20000328
1000329,,RT-20000329
1000330,,RT-20000330
1000331,,RT-20000331
1000332,,RT-20000332
1000333,,RT-20000333
1000334,,RT-20000334
1000335,,RT-20000335
1000336,,RT-20000336
1000337,,RT-20000337
1000338,,RT-20000338
1000339,,RT-20000339
1000340,,RT-20000340
1000341,,RT-20000341
1000342,,RT-20000342
1000343,,RT-20000343
1000344,,RT-20000344
1000345,,RT-20000345
1000346,,RT-20000346
1000347,,RT-20000347
1000348,,RT-20000348
1000349,,RT-20000349
1000350,,RT-20000350
1000351,,RT-20000351
1000352,,RT-20000352
1000353,,RT-20000353
1000354,,RT-20000354
1000355,,RT-20000355
1000356,,RT-20000356
1000357,,RT-20000357
1000358,,RT-20000358
1000359,,RT-20000359
1000360,,RT-20000360
1000361,,RT-20000361
1000362,,RT-20000362
1000363,,RT-20000363
1000364,,RT-20000364
1000365,,RT-20000365
1000366,,RT-20000366
1000367,,RT-20000367
1000368,,RT-20000368
1000369,,RT-20000369
1000370,,RT-20000370
1000371,,RT-20000371
1000372,,RT-20000372
1000373,,RT-20000373
1000374,,RT-20000374
1000375,,RT-20000375
1000376,,RT-20000376
1000377,,RT-20000377
1000378,,RT-20000378
1000379,,RT-20000379
1000380,,RT-20000380
1000381,,RT-20000381
1000382,,RT-20000382
1000383,,RT-20000383
1000384,,RT-20000384
1000385,,RT-20000385
1000386,,RT-20000386
1000387,,RT-20000387
1000388,,RT-20000388
1000389,,RT-20000389
1000390,,RT-20000390
1000391,,RT-20000391
1000392,,RT-20000392
1000393,,RT-20000393
1000394,,RT-20000394
1000395,,RT-20000395
1000396,,RT-20000396
1000397,,RT-20000397
1000398,,RT-20000398
1000399,,RT-20000399
1000400,,RT-20000400
1000401,,RT-20000401
1000402,,RT-20000402
1000403,,RT-20000403
1000404,,RT-20000404
1000405,,RT-20000405
1000406,,RT-20000406
1000407,,RT-20000407
1000408,,RT-20000408
1000409,,RT-20000409
1000410,,RT-20000410
1000411,,RT-20000411
1000412,,RT-20000412
1000413,,RT-20000413
1000414,,RT-20000414
1000415,,RT-20000415
1000416,,RT-20000416
1000417,,RT-20000417
1000418,,RT-20000418
1000419,,RT-20000419
1000420,,RT-20000420
1000421,,RT-20000421
1000422,,RT-20000422
1000423,,RT-20000423
1000424,,RT-20000424
1000425,,RT-20000425
1000426,,RT-20000426
1000427,,RT-20000427
1000428,,RT-20000428
1000429,,RT-20000429
1000430,,RT-20000430
1000431,,RT-20000431
1000432,,RT-20000432
1000433,,RT-20000433
1000434,,RT-20000434
1000435,,RT-20000435
1000436,,RT-20000436
1000437,,RT-20000437
1000438,,RT-20000438
1000439,,RT-20000439
1000440,,RT-20000440
1000441,,RT-20000441
1000442,,RT-20000442
1000443,,RT-20000443
1000444,,RT-20000444
1000445,,RT-20000445
1000446,,RT-20000446
1000447,,RT-20000447
1000448,,RT-20000448
1000449,,RT-20000449
1000450,,RT-20000450
1000451,,RT-20000451
1000452,,RT-20000452
1000453,,RT-20000453
1000454,,RT-20000454
1000455,,RT-20000455
1000456,,RT-20000456
1000457,,RT-20000457
1000458,,RT-20000458
1000459,,RT-20000459
1000460,,RT-20000460
1000461,,RT-20000461
1000462,,RT-20000462
1000463,,RT-20000463
1000464,,RT-20000464
1000465,,RT-20000465
1000466,,RT-20000466
1000467,,RT-20000467
1000468,,RT-20000468
1000469,,RT-20000469
1000470,,RT-20000470
1000471,,RT-20000471
1000472,,RT-20000472
1000473,,RT-20000473
1000474,,RT-20000474
1000475,,RT-20000475
1000476,,RT-20000476
1000477,,RT-20000477
1000478,,RT-20000478
1000479,,RT-20000479
1000480,,RT-20000480
1000481,,RT-20000481
1000482,,RT-20000482
1000483,,RT-20000483
1000484,,RT-20000484
1000485,,RT-20000485
1000486,,RT-20000486
1000487,,RT-20000487
1000488,,RT-20000488
1000489,,RT-20000489
1000490,,RT-20000490
1000491,,RT-20000491
1000492,,RT-20000492
1000493,,RT-20000493
1000494,,RT-20000494
1000495,,RT-20000495
1000496,,RT-20000496
1000497,,RT-20000497
1000498,,RT-20000498
1000499,,RT-20000499
1000500,,RT-20000500
1000501,,RT-20000501
1000502,,RT-20000502
1000503,,RT-20000503
1000504,,RT-20000504
1000505,,RT-20000505
1000506,,RT-20000506
1000508,,RT-20000508
1000509,,RT-20000509
1000510,,RT-20000510
1000511,,RT-20000511
1000512,,RT-20000512
1000513,,RT-20000513
1000514,,RT-20000514
1000515,,RT-20000515
1000516,,RT-20000516
1000517,,RT-20000517
1000518,,RT-20000518
1000519,,RT-20000519
1000520,,RT-20000520
1000521,,RT-20000521
1000522,,RT-20000522
1000523,,RT-20000523
1000524,,RT-20000524
1000525,,RT-20000525
1000526,,RT-20000526
1000527,,RT-20000527
1000528,,RT-20000528
1000529,,RT-20000529
1000530,,RT-20000530
1000531,,RT-20000531
1000532,,RT-20000532
1000533,,RT-20000533
1000534,,RT-20000534
1000535,,RT-20000535
1000536,,RT-20000536
1000537,,RT-20000537
1000538,,RT-20000538
1000539,,RT-20000539
1000541,,RT-20000541
1000542,,RT-20000542
1000543,,RT-20000543
1000544,,RT-20000544
1000545,,RT-20000545
1000546,,RT-20000546
1000547,,RT-20000547
1000548,,RT-20000548
1000549,,RT-20000549
1000550,,RT-20000550
1000551,,RT-20000551
1000552,,RT-20000552
1000553,,RT-20000553
1000554,,RT-20000554
1000555,,RT-20000555
1000556,,RT-20000556
1000557,,RT-20000557
1000558,,RT-20000558
1000559,,RT-20000559
1000560,,RT-20000560
1000561,,RT-20000561
1000562,,RT-20000562
1000563,,RT-20000563
1000564,,RT-20000564
1000565,,RT-20000565
1000566,,RT-20000566
1000567,,RT-20000567
1000568,,RT-20000568
1000569,,RT-20000569
1000570,,RT-20000570
1000571,,RT-20000571
1000572,,RT-20000572
1000573,,RT-20000573
1000574,,RT-20000574
1000575,,RT-20000575
1000576,,RT-20000576
1000577,,RT-20000577
1000578,,RT-20000578
1000579,,RT-20000579
1000580,,RT-20000580
1000581,,RT-20000581
1000582,,RT-20000582
1000583,,RT-20000583
1000584,,RT-20000584
1000585,,RT-20000585
1000586,,RT-20000586
1000587,,RT-20000587
1000588,,RT-20000588
1000589,,RT-20000589
1000590,,RT-20000590
1000591,,RT-20000591
1000592,,RT-20000592
1000593,,RT-20000593
1000594,,RT-20000594
1000595,,RT-20000595
1000596,,RT-20000596
1000597,,RT-20000597
1000598,,RT-20000598
1000599,,RT-20000599
1000600,,RT-20000600
1000601,,RT-20000601
1000602,,RT-20000602
1000603,,RT-20000603
1000604,,RT-20000604
1000605,,RT-20000605
1000606,,RT-20000606
1000607,,RT-20000607
1000608,,RT-20000608
1000609,,RT-20000609
1000610,,RT-20000610
1000611,,RT-20000611
1000612,,RT-20000612
1000613,,RT-20000613
1000614,,RT-20000614
1000615,,RT-20000615
1000616,,RT-20000616
1000617,,RT-20000617
1000618,,RT-20000618
1000619,,RT-20000619
1000620,,RT-20000620
1000621,,RT-20000621
1000622,,RT-20000622
1000623,,RT-20000623
1000624,,RT-20000624
1000625,,RT-20000625
1000626,,RT-20000626
1000627,,RT-20000627
1000628,,RT-20000628
1000629,,RT-20000629
1000630,,RT-20000630
1000631,,RT-20000631
1000632,,RT-20000632
1000633,,RT-20000633
1000634,,RT-20000634
1000635,,RT-20000635
1000636,,RT-20000636
1000637,,RT-20000637
1000638,,RT-20000638
1000639,,RT-20000639
1000640,,RT-20000640
1000641,,RT-20000641
1000642,,RT-20000642
1000643,,RT-20000643
1000644,,RT-20000644
1000645,,RT-20000645
1000646,,RT-20000646
1000647,,RT-20000647
1000648,,RT-20000648
1000649,,RT-20000649
1000650,,RT-20000650
1000651,,RT-20000651
1000652,,RT-20000652
1000653,,RT-20000653
1000654,,RT-20000654
1000655,,RT-20000655
1000656,,RT-20000656
1000657,,RT-20000657
1000658,,RT-20000658
1000659,,RT-20000659
1000660,,RT-20000660
1000661,,RT-20000661
1000662,,RT-20000662
1000663,,RT-20000663
1000664,,RT-20000664
1000665,,RT-20000665
1000666,,RT-20000666
1000667,,RT-20000667
1000668,,RT-20000668
1000669,,RT-20000669
1000670,,RT-20000670
1000671,,RT-20000671
1000672,,RT-20000672
1000673,,RT-20000673
1000674,,RT-20000674
1000675,,RT-20000675
1000676,,RT-20000676
1000677,,RT-20000677
1000678,,RT-20000678
1000679,,RT-20000679
1000680,,RT-20000680
1000681,,RT-20000681
1000682,,RT-20000682
1000683,,RT-20000683
1000684,,RT-20000684
1000685,,RT-20000685
1000686,,RT-20000686
1000687,,RT-20000687
1000688,,RT-20000688
1000689,,RT-20000689
1000690,,RT-20000690
1000691,,RT-20000691
1000692,,RT-20000692
1000693,,RT-20000693
1000694,,RT-20000694
1000695,,RT-20000695
1000696,,RT-20000696
1000697,,RT-20000697
1000698,,RT-20000698
1000699,,RT-20000699
1000700,,RT-20000700
1000701,,RT-20000701
1000702,,RT-20000702
1000703,,RT-20000703
1000704,,RT-20000704
1000705,,RT-20000705
1000706,,RT-20000706
1000707,,RT-20000707
1000708,,RT-20000708
1000709,,RT-20000709
1000710,,RT-20000710
1000711,,RT-20000711
1000712,,RT-20000712
1000713,,RT-20000713
1000714,,RT-20000714
1000715,,RT-20000715
1000716,,RT-20000716
1000717,,RT-20000717
1000718,,RT-20000718
1000719,,RT-20000719
1000720,,RT-20000720
1000721,,RT-20000721
1000722,,RT-20000722
1000723,,RT-20000723
1000724,,RT-20000724
1000725,,RT-20000725
1000726,,RT-20000726
1000727,,RT-20000727
1000728,,RT-20000728
1000729,,RT-20000729
1000730,,RT-20000730
1000731,,RT-20000731
1000732,,RT-20000732
1000733,,RT-20000733
1000734,,RT-20000734
1000735,,RT-20000735
1000736,,RT-20000736
1000737,,RT-20000737
1000738,,RT-20000738
1000739,,RT-20000739
1000740,,RT-20000740
1000741,,RT-20000741
1000742,,RT-20000742
1000743,,RT-20000743
1000744,,RT-20000744
1000745,,RT-20000745
1000746,,RT-20000746
1000747,,RT-20000747
1000748,,RT-20000748
1000749,,RT-20000749
1000750,,RT-20000750
1000751,,RT-20000751
1000752,,RT-20000752
1000753,,RT-20000753
1000754,,RT-20000754
1000755,,RT-20000755
1000756,,RT-20000756
1000757,,RT-20000757
1000758,,RT-20000758
1000759,,RT-20000759
1000760,,RT-20000760
1000761,,RT-20000761
1000762,,RT-20000762
1000763,,RT-20000763
1000764,,RT-20000764
1000765,,RT-20000765
1000766,,RT-20000766
1000767,,RT-20000767
1000768,,RT-20000768
1000769,,RT-20000769
1000770,,RT-20000770
1000771,,RT-20000771
1000772,,RT-20000772
1000773,,RT-20000773
1000774,,RT-20000774
1000775,,RT-20000775
1000776,,RT-20000776
1000777,,RT-20000777
1000778,,RT-20000778
1000779,,RT-20000779
1000780,,RT-20000780
1000781,,RT-20000781
1000782,,RT-20000782
1000783,,RT-20000783
1000784,,RT-20000784
1000785,,RT-20000785
1000786,,RT-20000786
1000787,,RT-20000787
1000788,,RT-20000788
1000789,,RT-20000789
1000790,,RT-20000790
1000791,,RT-20000791
1000792,,RT-20000792
1000793,,RT-20000793
1000794,,RT-20000794
1000795,,RT-20000795
1000796,,RT-20000796
1000797,,RT-20000797
1000798,,RT-20000798
1000799,,RT-20000799
1000800,,RT-20000800
1000801,,RT-20000801
1000802,,RT-20000802
1000803,,RT-20000803
1000804,,RT-20000804
1000805,,RT-20000805
1000806,,RT-20000806
1000807,,RT-20000807
1000808,,RT-20000808
1000809,,RT-20000809
1000810,,RT-20000810
1000811,,RT-20000811
1000812,,RT-20000812
1000813,,RT-20000813
1000814,,RT-20000814
1000815,,RT-20000815
1000816,,RT-20000816
1000817,,RT-20000817
1000818,,RT-20000818
1000819,,RT-20000819
1000820,,RT-20000820
1000821,,RT-20000821
1000822,,RT-20000822
1000823,,RT-20000823
1000824,,RT-20000824
1000825,,RT-20000825
1000826,,RT-20000826
1000827,,RT-20000827
1000828,,RT-20000828
1000829,,RT-20000829
1000830,,RT-20000830
1000831,,RT-20000831
1000832,,RT-20000832
1000833,,RT-20000833
1000834,,RT-20000834
1000835,,RT-20000835
1000836,,RT-20000836
1000837,,RT-20000837
1000838,,RT-20000838
1000839,,RT-20000839
1000840,,RT-20000840
1000841,,RT-20000841
1000842,,RT-20000842
1000843,,RT-20000843
1000844,,RT-20000844
1000845,,RT-20000845
1000846,,RT-20000846
1000847,,RT-20000847
1000848,,RT-20000848
1000849,,RT-20000849
1000850,,RT-20000850
1000851,,RT-20000851
1000852,,RT-20000852
1000853,,RT-20000853
1000854,,RT-20000854
1000855,,RT-20000855
1000856,,RT-20000856
1000857,,RT-20000857
1000858,,RT-20000858
1000859,,RT-20000859
1000860,,RT-20000860
1000861,,RT-20000861
1000862,,RT-20000862
1000863,,RT-20000863
1000864,,RT-20000864
1000865,,RT-20000865
1000866,,RT-20000866
1000867,,RT-20000867
1000868,,RT-20000868
1000869,,RT-20000869
1000870,,RT-20000870
1000871,,RT-20000871
1000872,,RT-20000872
1000873,,RT-20000873
1000874,,RT-20000874
1000875,,RT-20000875
1000876,,RT-20000876
1000877,,RT-20000877
1000878,,RT-20000878
1000879,,RT-20000879
1000880,,RT-20000880
1000881,,RT-20000881
1000882,,RT-20000882
1000883,,RT-20000883
1000884,,RT-20000884
1000885,,RT-20000885
1000886,,RT-20000886
1000887,,RT-20000887
1000888,,RT-20000888
1000889,,RT-20000889
1000890,,RT-20000890
1000891,,RT-20000891
1000892,,RT-20000892
1000893,,RT-20000893
1000894,,RT-20000894
1000895,,RT-20000895
1000896,,RT-20000896
1000897,,RT-20000897
1000898,,RT-20000898
1000899,,RT-20000899
1000900,,RT-20000900
1000901,,RT-20000901
1000902,,RT-20000902
1000903,,RT-20000903
1000904,,RT-20000904
1000905,,RT-20000905
1000906,,RT-20000906
1000907,,RT-20000907
1000908,,RT-20000908
1000909,,RT-20000909
1000910,,RT-20000910
1000911,,RT-20000911
1000912,,RT-20000912
1000913,,RT-20000913
1000914,,RT-20000914
1000915,,RT-20000915
1000916,,RT-20000916
1000917,,RT-20000917
1000918,,RT-20000918
1000919,,RT-20000919
1000920,,RT-20000920
1000921,,RT-20000921
1000922,,RT-20000922
1000923,,RT-20000923
1000924,,RT-20000924
1000925,,RT-20000925
1000926,,RT-20000926
1000927,,RT-20000927
1000928,,RT-20000928
1000929,,RT-20000929
1000930,,RT-20000930
1000931,,RT-20000931
1000932,,RT-20000932
1000933,,RT-20000933
1000934,,RT-20000934
1000935,,RT-20000935
1000936,,RT-20000936
1000937,,RT-20000937
1000938,,RT-20000938
1000939,,RT-20000939
1000940,,RT-20000940
1000941,,RT-20000941
1000942,,RT-20000942
1000943,,RT-20000943
1000944,,RT-20000944
1000945,,RT-20000945
1000946,,RT-20000946
1000947,,RT-20000947
1000948,,RT-20000948
1000949,,RT-20000949
1000950,,RT-20000950
1000951,,RT-20000951
1000952,,RT-20000952
1000953,,RT-20000953
1000954,,RT-20000954
1000955,,RT-20000955
1000956,,RT-20000956
1000957,,RT-20000957
1000958,,RT-20000958
1000959,,RT-20000959
1000960,,RT-20000960
1000961,,RT-20000961
1000962,,RT-20000962
1000963,,RT-20000963
1000964,,RT-20000964
1000965,,RT-20000965
1000966,,RT-20000966
1000967,,RT-20000967
1000968,,RT-20000968
1000969,,RT-20000969
1000970,,RT-20000970
1000971,,RT-20000971
1000972,,RT-20000972
1000973,,RT-20000973
1000974,,RT-20000974
1000975,,RT-20000975
1000976,,RT-20000976
1000977,,RT-20000977
1000978,,RT-20000978
1000979,,RT-20000979
1000980,,RT-20000980
1000981,,RT-20000981
1000982,,RT-20000982
1000983,,RT-20000983
1000984,,RT-20000984
1000985,,RT-20000985
1000986,,RT-20000986
1000987,,RT-20000987
1000988,,RT-20000988
1000989,,RT-20000989
1000990,,RT-20000990
1000991,,RT-20000991
1000992,,RT-20000992
1000993,,RT-20000993
1000994,,RT-20000994
1000995,,RT-20000995
1000996,,RT-20000996
1000997,,RT-20000997
1000998,,RT-20000998
1000999,,RT-20000999
1001000,,RT-20001000
1001001,,RT-20001001
1001002,,RT-20001002
1001003,,RT-20001003
1001004,,RT-20001004
1001005,,RT-20001005
1001006,,RT-20001006
1001007,,RT-20001007
1001008,,RT-20001008
1001009,,RT-20001009
1001010,,RT-20001010
1001011,,RT-20001011
1001012,,RT-20001012
1001013,,RT-20001013
1001014,,RT-20001014
1001015,,RT-20001015
1001016,,RT-20001016
1001017,,RT-20001017
1001018,,RT-20001018
1001019,,RT-20001019
1001020,,RT-20001020
1001021,,RT-20001021
1001022,,RT-20001022
1001023,,RT-20001023
1001024,,RT-20001024
1001025,,RT-20001025
1001026,,RT-20001026
1001027,,RT-20001027
1001028,,RT-20001028
1001029,,RT-20001029
1001030,,RT-20001030
1001031,,RT-20001031
1001032,,RT-20001032
1001033,,RT-20001033
1001034,,RT-20001034
1001035,,RT-20001035
1001036,,RT-20001036
1001037,,RT-20001037
1001038,,RT-20001038
1001039,,RT-20001039
1001040,,RT-20001040
1001041,,RT-20001041
1001042,,RT-20001042
1001043,,RT-20001043
1001044,,RT-20001044
1001045,,RT-20001045
1001046,,RT-20001046
1001047,,RT-20001047
1001048,,RT-20001048
1001049,,RT-20001049
1001050,,RT-20001050
1001051,,RT-20001051
1001052,,RT-20001052
1001053,,RT-20001053
1001054,,RT-20001054
1001055,,RT-20001055
1001056,,RT-20001056
1001057,,RT-20001057
1001058,,RT-20001058
1001059,,RT-20001059
1001060,,RT-20001060
1001061,,RT-20001061
1001062,,RT-20001062
1001063,,RT-20001063
1001064,,RT-20001064
1001065,,RT-20001065
1001066,,RT-20001066
1001067,,RT-20001067
1001068,,RT-20001068
1001069,,RT-20001069
1001070,,RT-20001070
1001071,,RT-20001071
1001072,,RT-20001072
1001073,,RT-20001073
1001074,,RT-20001074
1001075,,RT-20001075
1001076,,RT-20001076
1001077,,RT-20001077
1001078,,RT-20001078
1001079,,RT-20001079
1001080,,RT-20001080
1001081,,RT-20001081
1001082,,RT-20001082
1001083,,RT-20001083
1001084,,RT-20001084
1001085,,RT-20001085
1001086,,RT-20001086
1001087,,RT-20001087
1001088,,RT-20001088
1001089,,RT-20001089
1001090,,RT-20001090
1001091,,RT-20001091
1001092,,RT-20001092
1001093,,RT-20001093
1001094,,RT-20001094
1001095,,RT-20001095
1001096,,RT-20001096
1001097,,RT-20001097
1001098,,RT-20001098
1001099,,RT-20001099
1001100,,RT-20001100
1001101,,RT-20001101
1001102,,RT-20001102
1001103,,RT-20001103
1001104,,RT-20001104
1001105,,RT-20001105
1001106,,RT-20001106
1001107,,RT-20001107
1001108,,RT-20001108
1001109,,RT-20001109
1001110,,RT-20001110
1001111,,RT-20001111
1001112,,RT-20001112
1001113,,RT-20001113
1001114,,RT-20001114
1001115,,RT-20001115
1001116,,RT-20001116
1001117,,RT-20001117
1001118,,RT-20001118
1001119,,RT-20001119
1001120,,RT-20001120
1001121,,RT-20001121
1001122,,RT-20001122
1001123,,RT-20001123
1001124,,RT-20001124
1001125,,RT-20001125
1001126,,RT-20001126
1001127,,RT-20001127
1001128,,RT-20001128
1001129,,RT-20001129
1001130,,RT-20001130
1001131,,RT-20001131
1001132,,RT-20001132
1001133,,RT-20001133
1001134,,RT-20001134
1001135,,RT-20001135
1001136,,RT-20001136
1001137,,RT-20001137
1001138,,RT-20001138
1001139,,RT-20001139
1001140,,RT-20001140
1001141,,RT-20001141
1001142,,RT-20001142
1001143,,RT-20001143
1001144,,RT-20001144
1001145,,RT-20001145
1001146,,RT-20001146
1001147,,RT-20001147
1001148,,RT-20001148
1001149,,RT-20001149
1001150,,RT-20001150
1001151,,RT-20001151
1001152,,RT-20001152
1001153,,RT-20001153
1001154,,RT-20001154
1001155,,RT-20001155
1001156,,RT-20001156
1001157,,RT-20001157
1001158,,RT-20001158
1001159,,RT-20001159
1001160,,RT-20001160
1001161,,RT-20001161
1001162,,RT-20001162
1001163,,RT-20001163
1001164,,RT-20001164
1001165,,RT-20001165
1001166,,RT-20001166
1001167,,RT-20001167
1001168,,RT-20001168
1001169,,RT-20001169
1001170,,RT-20001170
1001171,,RT-20001171
1001172,,RT-20001172
1001173,,RT-20001173
1001174,,RT-20001174
1001175,,RT-20001175
1001176,,RT-20001176
1001177,,RT-20001177
1001178,,RT-20001178
1001179,,RT-20001179
1001180,,RT-20001180
1001181,,RT-20001181
1001182,,RT-20001182
1001183,,RT-20001183
1001184,,RT-20001184
1001185,,RT-20001185
1001186,,RT-20001186
1001187,,RT-20001187
1001188,,RT-20001188
1001189,,RT-20001189
1001190,,RT-20001190
1001191,,RT-20001191
1001192,,RT-20001192
1001193,,RT-20001193
1001194,,RT-20001194
1001195,,RT-20001195
1001196,,RT-20001196
1001197,,RT-20001197
1001198,,RT-20001198
1001199,,RT-20001199
1001200,,RT-20001200
1001201,,RT-20001201
1001202,,RT-20001202
1001203,,RT-20001203
1001204,,RT-20001204
1001205,,RT-20001205
1001206,,RT-20001206
1001207,,RT-20001207
1001208,,RT-20001208
1001209,,RT-20001209
1001210,,RT-20001210
1001211,,RT-20001211
1001212,,RT-20001212
1001213,,RT-20001213
1001214,,RT-20001214
1001215,,RT-20001215
1001216,,RT-20001216
1001217,,RT-20001217
1001218,,RT-20001218
1001219,,RT-20001219
1001220,,RT-20001220
1001221,,RT-20001221
1001222,,RT-20001222
1001223,,RT-20001223
1001224,,RT-20001224
1001225,,RT-20001225
1001226,,RT-20001226
1001227,,RT-20001227
1001228,,RT-20001228
1001229,,RT-20001229
1001230,,RT-20001230
1001231,,RT-20001231
1001232,,RT-20001232
1001233,,RT-20001233
1001234,,RT-20001234
1001235,,RT-20001235
1001236,,RT-20001236
1001237,,RT-20001237
1001238,,RT-20001238
1001239,,RT-20001239
1001240,,RT-20001240
1001241,,RT-20001241
1001242,,RT-20001242
1001243,,RT-20001243
1001244,,RT-20001244
1001245,,RT-20001245
1001246,,RT-20001246
1001247,,RT-20001247
1001248,,RT-20001248
1001249,,RT-20001249
1001250,,RT-20001250
1001251,,RT-20001251
1001252,,RT-20001252
1001253,,RT-20001253
1001254,,RT-20001254
1001255,,RT-20001255
1001256,,RT-20001256
1001257,,RT-20001257
1001258,,RT-20001258
1001259,,RT-20001259
1001260,,RT-20001260
1001261,,RT-20001261
1001262,,RT-20001262
1001263,,RT-20001263
1001264,,RT-20001264
1001265,,RT-20001265
1001266,,RT-20001266
1001267,,RT-20001267
1001268,,RT-20001268
1001269,,RT-20001269
1001270,,RT-20001270
1001271,,RT-20001271
1001272,,RT-20001272
1001273,,RT-20001273
1001274,,RT-20001274
1001275,,RT-20001275
1001276,,RT-20001276
1001277,,RT-20001277
1001278,,RT-20001278
1001279,,RT-20001279
1001280,,RT-20001280
1001281,,RT-20001281
1001282,,RT-20001282
1001283,,RT-20001283
1001284,,RT-20001284
1001285,,RT-20001285
1001286,,RT-20001286
1001287,,RT-20001287
1001288,,RT-20001288
1001289,,RT-20001289
1001290,,RT-20001290
1001291,,RT-20001291
1001292,,RT-20001292
1001293,,RT-20001293
1001294,,RT-20001294
1001295,,RT-20001295
1001296,,RT-20001296
1001297,,RT-20001297
1001298,,RT-20001298
1001299,,RT-20001299
1001300,,RT-20001300
1001301,,RT-20001301
1001302,,RT-20001302
1001303,,RT-20001303
1001304,,RT-20001304
1001305,,RT-20001305
1001306,,RT-20001306
1001307,,RT-20001307
1001308,,RT-20001308
1001309,,RT-20001309
1001310,,RT-20001310
1001311,,RT-20001311
1001312,,RT-20001312
1001313,,RT-20001313
1001314,,RT-20001314
1001315,,RT-20001315
1001316,,RT-20001316
1001317,,RT-20001317
1001318,,RT-20001318
1001319,,RT-20001319
1001320,,RT-20001320
1001321,,RT-20001321
1001322,,RT-20001322
1001323,,RT-20001323
1001324,,RT-20001324
1001325,,RT-20001325
1001326,,RT-20001326
1001327,,RT-20001327
1001328,,RT-20001328
1001329,,RT-20001329
1001330,,RT-20001330
1001331,,RT-20001331
1001332,,RT-20001332
1001333,,RT-20001333
1001334,,RT-20001334
1001335,,RT-20001335
1001336,,RT-20001336
1001337,,RT-20001337
1001338,,RT-20001338
1001339,,RT-20001339
1001340,,RT-20001340
1001341,,RT-20001341
1001342,,RT-20001342
1001343,,RT-20001343
1001344,,RT-20001344
1001345,,RT-20001345
1001346,,RT-20001346
1001347,,RT-20001347
1001348,,RT-20001348
1001349,,RT-20001349
1001350,,RT-20001350
1001351,,RT-20001351
1001352,,RT-20001352
1001353,,RT-20001353
1001354,,RT-20001354
1001355,,RT-20001355
1001356,,RT-20001356
1001357,,RT-20001357
1001358,,RT-20001358
1001359,,RT-20001359
1001360,,RT-20001360
1001361,,RT-20001361
1001362,,RT-20001362
1001363,,RT-20001363
1001364,,RT-20001364
1001365,,RT-20001365
1001366,,RT-20001366
1001367,,RT-20001367
1001368,,RT-20001368
1001369,,RT-20001369
1001370,,RT-20001370
1001371,,RT-20001371
1001372,,RT-20001372
1001373,,RT-20001373
1001374,,RT-20001374
1001375,,RT-20001375
1001376,,RT-20001376
1001377,,RT-20001377
1001378,,RT-20001378
1001379,,RT-20001379
1001380,,RT-20001380
1001381,,RT-20001381
1001382,,RT-20001382
1001383,,RT-20001383
1001384,,RT-20001384
1001385,,RT-20001385
1001386,,RT-20001386
1001387,,RT-20001387
1001388,,RT-20001388
1001389,,RT-20001389
1001390,,RT-20001390
1001391,,RT-20001391
1001392,,RT-20001392
1001393,,RT-20001393
1001394,,RT-20001394
1001395,,RT-20001395
1001396,,RT-20001396
1001397,,RT-20001397
1001398,,RT-20001398
1001399,,RT-20001399
1001400,,RT-20001400
1001401,,RT-20001401
1001402,,RT-20001402
1001403,,RT-20001403
1001404,,RT-20001404
1001405,,RT-20001405
1001406,,RT-20001406
1001407,,RT-20001407
1001408,,RT-20001408
1001409,,RT-20001409
1001410,,RT-20001410
1001411,,RT-20001411
1001412,,RT-20001412
1001413,,RT-20001413
1001414,,RT-20001414
1001415,,RT-20001415
1001416,,RT-20001416
1001417,,RT-20001417
1001418,,RT-20001418
1001419,,RT-20001419
1001420,,RT-20001420
1001421,,RT-20001421
1001422,,RT-20001422
1001423,,RT-20001423
1001424,,RT-20001424
1001425,,RT-20001425
1001426,,RT-20001426
1001427,,RT-20001427
1001428,,RT-20001428
1001429,,RT-20001429
1001430,,RT-20001430
1001431,,RT-20001431
1001432,,RT-20001432
1001433,,RT-20001433
1001434,,RT-20001434
1001435,,RT-20001435
1001436,,RT-20001436
1001437,,RT-20001437
1001438,,RT-20001438
1001439,,RT-20001439
1001440,,RT-20001440
1001441,,RT-20001441
1001442,,RT-20001442
1001443,,RT-20001443
1001444,,RT-20001444
1001445,,RT-20001445
1001446,,RT-20001446
1001447,,RT-20001447
1001448,,RT-20001448
1001449,,RT-20001449
1001450,,RT-20001450
1001451,,RT-20001451
1001452,,RT-20001452
1001453,,RT-20001453
1001454,,RT-20001454
1001455,,RT-20001455
1001456,,RT-20001456
1001457,,RT-20001457
1001458,,RT-20001458
1001459,,RT-20001459
1001460,,RT-20001460
1001461,,RT-20001461
1001462,,RT-20001462
1001463,,RT-20001463
1001464,,RT-20001464
1001465,,RT-20001465
1001466,,RT-20001466
1001467,,RT-20001467
1001468,,RT-20001468
1001469,,RT-20001469
1001470,,RT-20001470
1001471,,RT-20001471
1001472,,RT-20001472
1001473,,RT-20001473
1001474,,RT-20001474
1001475,,RT-20001475
1001476,,RT-20001476
1001477,,RT-20001477
1001478,,RT-20001478
1001479,,RT-20001479
1001480,,RT-20001480
1001481,,RT-20001481
1001482,,RT-20001482
1001483,,RT-20001483
1001484,,RT-20001484
1001485,,RT-20001485
1001486,,RT-20001486
1001487,,RT-20001487
1001488,,RT-20001488
1001489,,RT-20001489
1001490,,RT-20001490
1001491,,RT-20001491
1001492,,RT-20001492
1001493,,RT-20001493
1001494,,RT-20001494
1001495,,RT-20001495
1001496,,RT-20001496
1001497,,RT-20001497
1001498,,RT-20001498
1001499,,RT-20001499
1001500,,RT-20001500
1001501,,RT-20001501
1001502,,RT-20001502
1001503,,RT-20001503
1001504,,RT-20001504
1001505,,RT-20001505
1001506,,RT-20001506
1001507,,RT-20001507
1001508,,RT-20001508
1001509,,RT-20001509
1001510,,RT-20001510
1001511,,RT-20001511
1001512,,RT-20001512
1001513,,RT-20001513
1001514,,RT-20001514
1001515,,RT-20001515
1001516,,RT-20001516
1001517,,RT-20001517
1001518,,RT-20001518
1001519,,RT-20001519
1001520,,RT-20001520
1001521,,RT-20001521
1001522,,RT-20001522
1001523,,RT-20001523
1001524,,RT-20001524
1001525,,RT-20001525
1001526,,RT-20001526
1001527,,RT-20001527
1001528,,RT-20001528
1001529,,RT-20001529
1001530,,RT-20001530
1001531,,RT-20001531
1001532,,RT-20001532
1001533,,RT-20001533
1001534,,RT-20001534
1001535,,RT-20001535
1001536,,RT-20001536
1001537,,RT-20001537
1001538,,RT-20001538
1001539,,RT-20001539
1001540,,RT-20001540
1001541,,RT-20001541
1001542,,RT-20001542
1001543,,RT-20001543
1001544,,RT-20001544
1001545,,RT-20001545
1001546,,RT-20001546
1001547,,RT-20001547
1001548,,RT-20001548
1001549,,RT-20001549
1001550,,RT-20001550
1001551,,RT-20001551
1001552,,RT-20001552
1001553,,RT-20001553
1001554,,RT-20001554
1001555,,RT-20001555
1001556,,RT-20001556
1001557,,RT-20001557
1001558,,RT-20001558
1001559,,RT-20001559
1001560,,RT-20001560
1001561,,RT-20001561
1001562,,RT-20001562
1001563,,RT-20001563
1001564,,RT-20001564
1001565,,RT-20001565
1001566,,RT-20001566
1001567,,RT-20001567
1001568,,RT-20001568
1001569,,RT-20001569
1001570,,RT-20001570
1001571,,RT-20001571
1001572,,RT-20001572
1001573,,RT-20001573
1001574,,RT-20001574
1001575,,RT-20001575
1001576,,RT-20001576
1001577,,RT-20001577
1001578,,RT-20001578
1001579,,RT-20001579
1001580,,RT-20001580
1001581,,RT-20001581
1001582,,RT-20001582
1001583,,RT-20001583
1001584,,RT-20001584
1001585,,RT-20001585
1001586,,RT-20001586
1001587,,RT-20001587
1001588,,RT-20001588
1001589,,RT-20001589
1001590,,RT-20001590
1001591,,RT-20001591
1001592,,RT-20001592
1001593,,RT-20001593
1001594,,RT-20001594
1001595,,RT-20001595
1001596,,RT-20001596
1001597,,RT-20001597
1001598,,RT-20001598
1001599,,RT-20001599
1001600,,RT-20001600
1001601,,RT-20001601
1001602,,RT-20001602
1001603,,RT-20001603
1001604,,RT-20001604
1001605,,RT-20001605
1001606,,RT-20001606
1001607,,RT-20001607
1001608,,RT-20001608
1001609,,RT-20001609
1001610,,RT-20001610
1001611,,RT-20001611
1001612,,RT-20001612
1001613,,RT-20001613
1001614,,RT-20001614
1001615,,RT-20001615
1001616,,RT-20001616
1001617,,RT-20001617
1001618,,RT-20001618
1001619,,RT-20001619
1001620,,RT-20001620
1001621,,RT-20001621
1001622,,RT-20001622
1001623,,RT-20001623
1001624,,RT-20001624
1001625,,RT-20001625
1001626,,RT-20001626
1001627,,RT-20001627
1001628,,RT-20001628
1001629,,RT-20001629
1001630,,RT-20001630
1001631,,RT-20001631
1001632,,RT-20001632
1001633,,RT-20001633
1001634,,RT-20001634
1001635,,RT-20001635
1001636,,RT-20001636
1001637,,RT-20001637
1001638,,RT-20001638
1001639,,RT-20001639
1001640,,RT-20001640
1001641,,RT-20001641
1001642,,RT-20001642
1001643,,RT-20001643
1001644,,RT-20001644
1001645,,RT-20001645
1001646,,RT-20001646
1001647,,RT-20001647
1001648,,RT-20001648
1001649,,RT-20001649
1001650,,RT-20001650
1001651,,RT-20001651
1001652,,RT-20001652
1001653,,RT-20001653
1001654,,RT-20001654
1001655,,RT-20001655
1001656,,RT-20001656
1001657,,RT-20001657
1001658,,RT-20001658
1001659,,RT-20001659
1001660,,RT-20001660
1001661,,RT-20001661
1001662,,RT-20001662
1001663,,RT-20001663
1001664,,RT-20001664
1001665,,RT-20001665
1001666,,RT-20001666
1001667,,RT-20001667
1001668,,RT-20001668
1001669,,RT-20001669
1001670,,RT-20001670
1001671,,RT-20001671
1001672,,RT-20001672
1001673,,RT-20001673
1001674,,RT-20001674
1001675,,RT-20001675
1001676,,RT-20001676
1001677,,RT-20001677
1001678,,RT-20001678
1001679,,RT-20001679
1001680,,RT-20001680
1001681,,RT-20001681
1001682,,RT-20001682
1001683,,RT-20001683
1001684,,RT-20001684
1001685,,RT-20001685
1001686,,RT-20001686
1001687,,RT-20001687
1001688,,RT-20001688
1001689,,RT-20001689
1001690,,RT-20001690
1001691,,RT-20001691
1001692,,RT-20001692
1001693,,RT-20001693
1001694,,RT-20001694
1001695,,RT-20001695
1001696,,RT-20001696
1001697,,RT-20001697
1001698,,RT-20001698
1001699,,RT-20001699
1001700,,RT-20001700
1001701,,RT-20001701
1001702,,RT-20001702
1001703,,RT-20001703
1001704,,RT-20001704
1001705,,RT-20001705
1001706,,RT-20001706
1001707,,RT-20001707
1001708,,RT-20001708
1001709,,RT-20001709
1001710,,RT-20001710
1001711,,RT-20001711
1001712,,RT-20001712
1001713,,RT-20001713
1001714,,RT-20001714
1001715,,RT-20001715
1001716,,RT-20001716
1001717,,RT-20001717
1001718,,RT-20001718
1001719,,RT-20001719
1001720,,RT-20001720
1001721,,RT-20001721
1001722,,RT-20001722
1001723,,RT-20001723
1001724,,RT-20001724
1001725,,RT-20001725
1001726,,RT-20001726
1001727,,RT-20001727
1001728,,RT-20001728
1001729,,RT-20001729
1001730,,RT-20001730
1001731,,RT-20001731
1001732,,RT-20001732
1001733,,RT-20001733
1001734,,RT-20001734
1001735,,RT-20001735
1001736,,RT-20001736
1001737,,RT-20001737
1001738,,RT-20001738
1001739,,RT-20001739
1001740,,RT-20001740
1001741,,RT-20001741
1001742,,RT-20001742
1001743,,RT-20001743
1001744,,RT-20001744
1001745,,RT-20001745
1001746,,RT-20001746
1001747,,RT-20001747
1001748,,RT-20001748
1001749,,RT-20001749
1001750,,RT-20001750
1001751,,RT-20001751
1001752,,RT-20001752
1001753,,RT-20001753
1001754,,RT-20001754
1001755,,RT-20001755
1001756,,RT-20001756
1001757,,RT-20001757
1001758,,RT-20001758
1001759,,RT-20001759
1001760,,RT-20001760
1001761,,RT-20001761
1001762,,RT-20001762
1001763,,RT-20001763
1001764,,RT-20001764
1001765,,RT-20001765
1001766,,RT-20001766
1001767,,RT-20001767
1001768,,RT-20001768
1001769,,RT-20001769
1001770,,RT-20001770
1001771,,RT-20001771
1001772,,RT-20001772
1001773,,RT-20001773
1001774,,RT-20001774
1001775,,RT-20001775
1001776,,RT-20001776
1001777,,RT-20001777
1001778,,RT-20001778
1001779,,RT-20001779
1001780,,RT-20001780
1001781,,RT-20001781
1001782,,RT-20001782
1001783,,RT-20001783
1001784,,RT-20001784
1001785,,RT-20001785
1001786,,RT-20001786
1001787,,RT-20001787
1001788,,RT-20001788
1001789,,RT-20001789
1001790,,RT-20001790
1001791,,RT-20001791
1001792,,RT-20001792
1001793,,RT-20001793
1001794,,RT-20001794
1001795,,RT-20001795
1001796,,RT-20001796
1001797,,RT-20001797
1001798,,RT-20001798
1001799,,RT-20001799
1001800,,RT-20001800
1001801,,RT-20001801
1001802,,RT-20001802
1001803,,RT-20001803
1001804,,RT-20001804
1001805,,RT-20001805
1001806,,RT-20001806
1001807,,RT-20001807
1001808,,RT-20001808
1001809,,RT-20001809
1001810,,RT-20001810
1001811,,RT-20001811
1001812,,RT-20001812
1001813,,RT-20001813
1001814,,RT-20001814
1001815,,RT-20001815
1001816,,RT-20001816
1001817,,RT-20001817
1001818,,RT-20001818
1001819,,RT-20001819
1001820,,RT-20001820
1001821,,RT-20001821
1001822,,RT-20001822
1001823,,RT-20001823
1001824,,RT-20001824
1001825,,RT-20001825
1001826,,RT-20001826
1001827,,RT-20001827
1001828,,RT-20001828
1001829,,RT-20001829
1001830,,RT-20001830
1001831,,RT-20001831
1001832,,RT-20001832
1001833,,RT-20001833
1001834,,RT-20001834
1001835,,RT-20001835
1001836,,RT-20001836
1001837,,RT-20001837
1001838,,RT-20001838
1001839,,RT-20001839
1001840,,RT-20001840
1001841,,RT-20001841
1001842,,RT-20001842
1001843,,RT-20001843
1001844,,RT-20001844
1001845,,RT-20001845
1001846,,RT-20001846
1001847,,RT-20001847
1001848,,RT-20001848
1001849,,RT-20001849
1001850,,RT-20001850
1001851,,RT-20001851
1001852,,RT-20001852
1001853,,RT-20001853
1001854,,RT-20001854
1001855,,RT-20001855
1001856,,RT-20001856
1001857,,RT-20001857
1001858,,RT-20001858
1001859,,RT-20001859
1001860,,RT-20001860
1001861,,RT-20001861
1001862,,RT-20001862
1001863,,RT-20001863
1001864,,RT-20001864
1001865,,RT-20001865
1001866,,RT-20001866
1001867,,RT-20001867
1001868,,RT-20001868
1001869,,RT-20001869
1001870,,RT-20001870
1001871,,RT-20001871
1001872,,RT-20001872
1001873,,RT-20001873
1001874,,RT-20001874
1001875,,RT-20001875
1001876,,RT-20001876
1001877,,RT-20001877
1001878,,RT-20001878
1001879,,RT-20001879
1001880,,RT-20001880
1001881,,RT-20001881
1001882,,RT-20001882
1001883,,RT-20001883
1001884,,RT-20001884
1001885,,RT-20001885
1001886,,RT-20001886
1001887,,RT-20001887
1001888,,RT-20001888
1001889,,RT-20001889
1001890,,RT-20001890
1001891,,RT-20001891
1001892,,RT-20001892
1001893,,RT-20001893
1001894,,RT-20001894
1001895,,RT-20001895
1001896,,RT-20001896
1001897,,RT-20001897
1001898,,RT-20001898
1001899,,RT-20001899
1001900,,RT-20001900
1001901,,RT-20001901
1001902,,RT-20001902
1001903,,RT-20001903
1001904,,RT-20001904
1001905,,RT-20001905
1001906,,RT-20001906
1001907,,RT-20001907
1001908,,RT-20001908
1001909,,RT-20001909
1001910,,RT-20001910
1001911,,RT-20001911
1001912,,RT-20001912
1001913,,RT-20001913
1001914,,RT-20001914
1001915,,RT-20001915
1001916,,RT-20001916
1001917,,RT-20001917
1001918,,RT-20001918
1001919,,RT-20001919
1001920,,RT-20001920
1001921,,RT-20001921
1001922,,RT-20001922
1001923,,RT-20001923
1001924,,RT-20001924
1001925,,RT-20001925
1001926,,RT-20001926
1001927,,RT-20001927
1001928,,RT-20001928
1001929,,RT-20001929
1001930,,RT-20001930
1001931,,RT-20001931
1001932,,RT-20001932
1001933,,RT-20001933
1001934,,RT-20001934
1001935,,RT-20001935
1001936,,RT-20001936
1001937,,RT-20001937
1001938,,RT-20001938
1001939,,RT-20001939
1001940,,RT-20001940
1001941,,RT-20001941
1001942,,RT-20001942
1001943,,RT-20001943
1001944,,RT-20001944
1001945,,RT-20001945
1001946,,RT-20001946
1001947,,RT-20001947
1001948,,RT-20001948
1001949,,RT-20001949
1001950,,RT-20001950
1001951,,RT-20001951
1001952,,RT-20001952
1001953,,RT-20001953
1001954,,RT-20001954
1001955,,RT-20001955
1001956,,RT-20001956
1001957,,RT-20001957
1001958,,RT-20001958
1001959,,RT-20001959
1001960,,RT-20001960
1001961,,RT-20001961
1001962,,RT-20001962
1001963,,RT-20001963
1001964,,RT-20001964
1001965,,RT-20001965
1001966,,RT-20001966
1001967,,RT-20001967
1001968,,RT-20001968
1001969,,RT-20001969
1001972,,RT-20001972
1001973,,RT-20001973
1001974,,RT-20001974
1001975,,RT-20001975
1001976,,RT-20001976
1001977,,RT-20001977
1001978,,RT-20001978
1001979,,RT-20001979
1001980,,RT-20001980
1001981,,RT-20001981
1001982,,RT-20001982
1001983,,RT-20001983
1001984,,RT-20001984
1001985,,RT-20001985
1001986,,RT-20001986
1001987,,RT-20001987
1001988,,RT-20001988
1001989,,RT-20001989
1001990,,RT-20001990
1001991,,RT-20001991
1001992,,RT-20001992
1001993,,RT-20001993
1001994,,RT-20001994
1001995,,RT-20001995
1001996,,RT-20001996
1001997,,RT-20001997
1001998,,RT-20001998
1001999,,RT-20001999
1002000,,RT-20002000
1002001,,RT-20002001
1002002,,RT-20002002
1002003,,RT-20002003
1002004,,RT-20002004
1002005,,RT-20002005
1002006,,RT-20002006
1002007,,RT-20002007
1002008,,RT-20002008
1002009,,RT-20002009
1002010,,RT-20002010
1002011,,RT-20002011
1002012,,RT-20002012
1002013,,RT-20002013
1002014,,RT-20002014
1002015,,RT-20002015
1002016,,RT-20002016
1002017,,RT-20002017
1002018,,RT-20002018
1002019,,RT-20002019
1002020,,RT-20002020
1002021,,RT-20002021
1002022,,RT-20002022
1002023,,RT-20002023
1002024,,RT-20002024
1002025,,RT-20002025
1002026,,RT-20002026
1002027,,RT-20002027
1002028,,RT-20002028
1002029,,RT-20002029
1002030,,RT-20002030
1002031,,RT-20002031
1002032,,RT-20002032
1002033,,RT-20002033
1002034,,RT-20002034
1002035,,RT-20002035
1002036,,RT-20002036
1002037,,RT-20002037
1002038,,RT-20002038
1002039,,RT-20002039
1002040,,RT-20002040
1002041,,RT-20002041
1002042,,RT-20002042
1002043,,RT-20002043
1002044,,RT-20002044
1002045,,RT-20002045
1002046,,RT-20002046
1002047,,RT-20002047
1002048,,RT-20002048
1002049,,RT-20002049
1002050,,RT-20002050
1002051,,RT-20002051
1002052,,RT-20002052
1002053,,RT-20002053
1002054,,RT-20002054
1002055,,RT-20002055
1002056,,RT-20002056
1002057,,RT-20002057
1002058,,RT-20002058
1002059,,RT-20002059
1002060,,RT-20002060
1002061,,RT-20002061
1002062,,RT-20002062
1002063,,RT-20002063
1002064,,RT-20002064
1002065,,RT-20002065
1002066,,RT-20002066
1002067,,RT-20002067
1002068,,RT-20002068
1002069,,RT-20002069
1002070,,RT-20002070
1002071,,RT-20002071
1002072,,RT-20002072
1002073,,RT-20002073
1002074,,RT-20002074
1002075,,RT-20002075
1002076,,RT-20002076
1002077,,RT-20002077
1002078,,RT-20002078
1002079,,RT-20002079
1002080,,RT-20002080
1002081,,RT-20002081
1002082,,RT-20002082
1002083,,RT-20002083
1002084,,RT-20002084
1002085,,RT-20002085
1002086,,RT-20002086
1002087,,RT-20002087
1002088,,RT-20002088
1002089,,RT-20002089
1002090,,RT-20002090
1002091,,RT-20002091
1002092,,RT-20002092
1002093,,RT-20002093
1002094,,RT-20002094
1002095,,RT-20002095
1002096,,RT-20002096
1002097,,RT-20002097
1002098,,RT-20002098
1002099,,RT-20002099
1002100,,RT-20002100
1002101,,RT-20002101
1002102,,RT-20002102
1002103,,RT-20002103
1002104,,RT-20002104
1002105,,RT-20002105
1002106,,RT-20002106
1002107,,RT-20002107
1002108,,RT-20002108
1002109,,RT-20002109
1002110,,RT-20002110
1002111,,RT-20002111
1002112,,RT-20002112
1002113,,RT-20002113
1002114,,RT-20002114
1002115,,RT-20002115
1002116,,RT-20002116
1002117,,RT-20002117
1002118,,RT-20002118
1002119,,RT-20002119
1002120,,RT-20002120
1002121,,RT-20002121
1002122,,RT-20002122
1002123,,RT-20002123
1002124,,RT-20002124
1002125,,RT-20002125
1002126,,RT-20002126
1002127,,RT-20002127
1002128,,RT-20002128
1002129,,RT-20002129
1002130,,RT-20002130
1002131,,RT-20002131
1002132,,RT-20002132
1002133,,RT-20002133
1002134,,RT-20002134
1002135,,RT-20002135
1002136,,RT-20002136
1002137,,RT-20002137
1002138,,RT-20002138
1002139,,RT-20002139
1002140,,RT-20002140
1002141,,RT-20002141
1002142,,RT-20002142
1002143,,RT-20002143
1002144,,RT-20002144
1002145,,RT-20002145
1002146,,RT-20002146
1002147,,RT-20002147
1002148,,RT-20002148
1002149,,RT-20002149
1002150,,RT-20002150
1002151,,RT-20002151
1002152,,RT-20002152
1002153,,RT-20002153
1002154,,RT-20002154
1002155,,RT-20002155
1002156,,RT-20002156
1002157,,RT-20002157
1002158,,RT-20002158
1002159,,RT-20002159
1002160,,RT-20002160
1002161,,RT-20002161
1002162,,RT-20002162
1002163,,RT-20002163
1002164,,RT-20002164
1002165,,RT-20002165
1002166,,RT-20002166
1002167,,RT-20002167
1002168,,RT-20002168
1002169,,RT-20002169
1002170,,RT-20002170
1002171,,RT-20002171
1002172,,RT-20002172
1002173,,RT-20002173
1002174,,RT-20002174
1002175,,RT-20002175
1002176,,RT-20002176
1002177,,RT-20002177
1002178,,RT-20002178
1002179,,RT-20002179
1002180,,RT-20002180
1002181,,RT-20002181
1002182,,RT-20002182
1002183,,RT-20002183
1002184,,RT-20002184
1002185,,RT-20002185
1002186,,RT-20002186
1002187,,RT-20002187
1002188,,RT-20002188
1002189,,RT-20002189
1002190,,RT-20002190
1002191,,RT-20002191
1002192,,RT-20002192
1002193,,RT-20002193
1002194,,RT-20002194
1002195,,RT-20002195
1002196,,RT-20002196
1002197,,RT-20002197
1002198,,RT-20002198
1002199,,RT-20002199
1002200,,RT-20002200
1002201,,RT-20002201
1002202,,RT-20002202
1002203,,RT-20002203
1002204,,RT-20002204
1002205,,RT-20002205
1002206,,RT-20002206
1002207,,RT-20002207
1002208,,RT-20002208
1002209,,RT-20002209
1002210,,RT-20002210
1002211,,RT-20002211
1002212,,RT-20002212
1002213,,RT-20002213
1002214,,RT-20002214
1002215,,RT-20002215
1002216,,RT-20002216
1002217,,RT-20002217
1002218,,RT-20002218
1002219,,RT-20002219
1002220,,RT-20002220
1002221,,RT-20002221
1002222,,RT-20002222
1002223,,RT-20002223
1002224,,RT-20002224
1002225,,RT-20002225
1002226,,RT-20002226
1002227,,RT-20002227
1002228,,RT-20002228
1002229,,RT-20002229
1002230,,RT-20002230
1002231,,RT-20002231
1002232,,RT-20002232
1002233,,RT-20002233
1002234,,RT-20002234
1002235,,RT-20002235
1002236,,RT-20002236
1002237,,RT-20002237
1002238,,RT-20002238
1002239,,RT-20002239
1002240,,RT-20002240
1002241,,RT-20002241
1002242,,RT-20002242
1002243,,RT-20002243
1002244,,RT-20002244
1002245,,RT-20002245
1002246,,RT-20002246
1002247,,RT-20002247
1002248,,RT-20002248
1002249,,RT-20002249
1002250,,RT-20002250
1002251,,RT-20002251
1002252,,RT-20002252
1002253,,RT-20002253
1002254,,RT-20002254
1002255,,RT-20002255
1002256,,RT-20002256
1002257,,RT-20002257
1002258,,RT-20002258
1002259,,RT-20002259
1002260,,RT-20002260
1002261,,RT-20002261
1002262,,RT-20002262
1002263,,RT-20002263
1002264,,RT-20002264
1002265,,RT-20002265
1002266,,RT-20002266
1002267,,RT-20002267
1002268,,RT-20002268
1002269,,RT-20002269
1002270,,RT-20002270
1002271,,RT-20002271
1002272,,RT-20002272
1002273,,RT-20002273
1002274,,RT-20002274
1002275,,RT-20002275
1002276,,RT-20002276
1002277,,RT-20002277
1002278,,RT-20002278
1002279,,RT-20002279
1002280,,RT-20002280
1002281,,RT-20002281
1002282,,RT-20002282
1002283,,RT-20002283
1002284,,RT-20002284
1002285,,RT-20002285
1002286,,RT-20002286
1002287,,RT-20002287
1002288,,RT-20002288
1002289,,RT-20002289
1002290,,RT-20002290
1002291,,RT-20002291
1002292,,RT-20002292
1002293,,RT-20002293
1002294,,RT-20002294
1002295,,RT-20002295
1002296,,RT-20002296
1002297,,RT-20002297
1002298,,RT-20002298
1002299,,RT-20002299
1002300,,RT-20002300
1002301,,RT-20002301
1002302,,RT-20002302
1002303,,RT-20002303
1002304,,RT-20002304
1002305,,RT-20002305
1002306,,RT-20002306
1002307,,RT-20002307
1002308,,RT-20002308
1002309,,RT-20002309
1002310,,RT-20002310
1002311,,RT-20002311
1002312,,RT-20002312
1002313,,RT-20002313
1002314,,RT-20002314
1002315,,RT-20002315
1002316,,RT-20002316
1002317,,RT-20002317
1002318,,RT-20002318
1002319,,RT-20002319
1002320,,RT-20002320
1002321,,RT-20002321
1002322,,RT-20002322
1002323,,RT-20002323
1002324,,RT-20002324
1002325,,RT-20002325
1002326,,RT-20002326
1002327,,RT-20002327
1002328,,RT-20002328
1002329,,RT-20002329
1002330,,RT-20002330
1002331,,RT-20002331
1002332,,RT-20002332
1002333,,RT-20002333
1002334,,RT-20002334
1002335,,RT-20002335
1002336,,RT-20002336
1002337,,RT-20002337
1002338,,RT-20002338
1002339,,RT-20002339
1002340,,RT-20002340
1002341,,RT-20002341
1002342,,RT-20002342
1002343,,RT-20002343
1002344,,RT-20002344
1002345,,RT-20002345
1002346,,RT-20002346
1002347,,RT-20002347
1002348,,RT-20002348
1002349,,RT-20002349
1002350,,RT-20002350
1002351,,RT-20002351
1002352,,RT-20002352
1002353,,RT-20002353
1002354,,RT-20002354
1002355,,RT-20002355
1002356,,RT-20002356
1002357,,RT-20002357
1002358,,RT-20002358
1002359,,RT-20002359
1002360,,RT-20002360
1002361,,RT-20002361
1002362,,RT-20002362
1002363,,RT-20002363
1002364,,RT-20002364
1002365,,RT-20002365
1002366,,RT-20002366
1002367,,RT-20002367
1002368,,RT-20002368
1002369,,RT-20002369
1002370,,RT-20002370
1002371,,RT-20002371
1002372,,RT-20002372
1002373,,RT-20002373
1002374,,RT-20002374
1002375,,RT-20002375
1002376,,RT-20002376
1002377,,RT-20002377
1002378,,RT-20002378
1002379,,RT-20002379
1002380,,RT-20002380
1002381,,RT-20002381
1002382,,RT-20002382
1002383,,RT-20002383
1002384,,RT-20002384
1002385,,RT-20002385
1002386,,RT-20002386
1002387,,RT-20002387
1002388,,RT-20002388
1002389,,RT-20002389
1002390,,RT-20002390
1002391,,RT-20002391
1002392,,RT-20002392
1002393,,RT-20002393
1002394,,RT-20002394
1002395,,RT-20002395
1002396,,RT-20002396
1002397,,RT-20002397
1002398,,RT-20002398
1002399,,RT-20002399
1002400,,RT-20002400
1002401,,RT-20002401
1002402,,RT-20002402
1002403,,RT-20002403
1002404,,RT-20002404
1002405,,RT-20002405
1002406,,RT-20002406
1002407,,RT-20002407
1002408,,RT-20002408
1002409,,RT-20002409
1002410,,RT-20002410
1002411,,RT-20002411
1002412,,RT-20002412
1002413,,RT-20002413
1002414,,RT-20002414
1002415,,RT-20002415
1002416,,RT-20002416
1002417,,RT-20002417
1002418,,RT-20002418
1002419,,RT-20002419
1002420,,RT-20002420
1002421,,RT-20002421
1002422,,RT-20002422
1002423,,RT-20002423
1002424,,RT-20002424
1002425,,RT-20002425
1002426,,RT-20002426
1002427,,RT-20002427
1002428,,RT-20002428
1002429,,RT-20002429
1002430,,RT-20002430
1002431,,RT-20002431
1002432,,RT-20002432
1002433,,RT-20002433
1002434,,RT-20002434
1002435,,RT-20002435
1002436,,RT-20002436
1002437,,RT-20002437
1002438,,RT-20002438
1002439,,RT-20002439
1002440,,RT-20002440
1002441,,RT-20002441
1002442,,RT-20002442
1002443,,RT-20002443
1002444,,RT-20002444
1002445,,RT-20002445
1002446,,RT-20002446
1002447,,RT-20002447
1002448,,RT-20002448
1002449,,RT-20002449
1002450,,RT-20002450
1002451,,RT-20002451
1002452,,RT-20002452
1002453,,RT-20002453
1002454,,RT-20002454
1002455,,RT-20002455
1002456,,RT-20002456
1002457,,RT-20002457
1002458,,RT-20002458
1002459,,RT-20002459
1002460,,RT-20002460
1002461,,RT-20002461
1002462,,RT-20002462
1002463,,RT-20002463
1002464,,RT-20002464
1002465,,RT-20002465
1002466,,RT-20002466
1002467,,RT-20002467
1002468,,RT-20002468
1002469,,RT-20002469
1002470,,RT-20002470
1002471,,RT-20002471
1002472,,RT-20002472
1002473,,RT-20002473
1002474,,RT-20002474
1002475,,RT-20002475
1002476,,RT-20002476
1002477,,RT-20002477
1002478,,RT-20002478
1002479,,RT-20002479
1002480,,RT-20002480
1002481,,RT-20002481
1002482,,RT-20002482
1002483,,RT-20002483
1002484,,RT-20002484
1002485,,RT-20002485
1002486,,RT-20002486
1002487,,RT-20002487
1002488,,RT-20002488
1002489,,RT-20002489
1002490,,RT-20002490
1002491,,RT-20002491
1002492,,RT-20002492
1002493,,RT-20002493
1002494,,RT-20002494
1002495,,RT-20002495
1002496,,RT-20002496
1002497,,RT-20002497
1002498,,RT-20002498
1002499,,RT-20002499
1002500,,RT-20002500
1002501,,RT-20002501
1002502,,RT-20002502
1002503,,RT-20002503
1002504,,RT-20002504
1002505,,RT-20002505
1002506,,RT-20002506
1002507,,RT-20002507
1002508,,RT-20002508
1002509,,RT-20002509
1002510,,RT-20002510
1002511,,RT-20002511
1002512,,RT-20002512
1002513,,RT-20002513
1002514,,RT-20002514
1002515,,RT-20002515
1002516,,RT-20002516
1002517,,RT-20002517
1002518,,RT-20002518
1002519,,RT-20002519
1002520,,RT-20002520
1002521,,RT-20002521
1002522,,RT-20002522
1002523,,RT-20002523
1002524,,RT-20002524
1002525,,RT-20002525
1002526,,RT-20002526
1002527,,RT-20002527
1002528,,RT-20002528
1002529,,RT-20002529
1002530,,RT-20002530
1002531,,RT-20002531
1002532,,RT-20002532
1002533,,RT-20002533
1002534,,RT-20002534
1002535,,RT-20002535
1002536,,RT-20002536
1002537,,RT-20002537
1002538,,RT-20002538
1002539,,RT-20002539
1002540,,RT-20002540
1002541,,RT-20002541
1002542,,RT-20002542
1002543,,RT-20002543
1002544,,RT-20002544
1002545,,RT-20002545
1002546,,RT-20002546
1002547,,RT-20002547
1002548,,RT-20002548
1002549,,RT-20002549
1002550,,RT-20002550
1002551,,RT-20002551
1002552,,RT-20002552
1002553,,RT-20002553
1002554,,RT-20002554
1002555,,RT-20002555
1002556,,RT-20002556
1002557,,RT-20002557
1002558,,RT-20002558
1002559,,RT-20002559
1002560,,RT-20002560
1002561,,RT-20002561
1002562,,RT-20002562
1002563,,RT-20002563
1002564,,RT-20002564
1002565,,RT-20002565
1002566,,RT-20002566
1002567,,RT-20002567
1002568,,RT-20002568
1002569,,RT-20002569
1002570,,RT-20002570
1002571,,RT-20002571
1002572,,RT-20002572
1002573,,RT-20002573
1002574,,RT-20002574
1002575,,RT-20002575
1002576,,RT-20002576
1002577,,RT-20002577
1002578,,RT-20002578
1002579,,RT-20002579
1002580,,RT-20002580
1002581,,RT-20002581
1002582,,RT-20002582
1002583,,RT-20002583
1002584,,RT-20002584
1002585,,RT-20002585
1002586,,RT-20002586
1002587,,RT-20002587
1002588,,RT-20002588
1002589,,RT-20002589
1002590,,RT-20002590
1002591,,RT-20002591
1002592,,RT-20002592
1002593,,RT-20002593
1002594,,RT-20002594
1002595,,RT-20002595
1002596,,RT-20002596
1002597,,RT-20002597
1002598,,RT-20002598
1002599,,RT-20002599
1002600,,RT-20002600
1002601,,RT-20002601
1002602,,RT-20002602
1002603,,RT-20002603
1002604,,RT-20002604
1002605,,RT-20002605
1002606,,RT-20002606
1002607,,RT-20002607
1002608,,RT-20002608
1002609,,RT-20002609
1002610,,RT-20002610
1002611,,RT-20002611
1002612,,RT-20002612
1002613,,RT-20002613
1002614,,RT-20002614
1002615,,RT-20002615
1002616,,RT-20002616
1002617,,RT-20002617
1002618,,RT-20002618
1002619,,RT-20002619
1002620,,RT-20002620
1002621,,RT-20002621
1002622,,RT-20002622
1002623,,RT-20002623
1002624,,RT-20002624
1002625,,RT-20002625
1002626,,RT-20002626
1002627,,RT-20002627
1002628,,RT-20002628
1002629,,RT-20002629
1002630,,RT-20002630
1002631,,RT-20002631
1002632,,RT-20002632
1002633,,RT-20002633
1002634,,RT-20002634
1002635,,RT-20002635
1002636,,RT-20002636
1002637,,RT-20002637
1002638,,RT-20002638
1002639,,RT-20002639
1002640,,RT-20002640
1002641,,RT-20002641
1002642,,RT-20002642
1002643,,RT-20002643
1002644,,RT-20002644
1002645,,RT-20002645
1002646,,RT-20002646
1002647,,RT-20002647
1002648,,RT-20002648
1002649,,RT-20002649
1002650,,RT-20002650
1002651,,RT-20002651
1002652,,RT-20002652
1002653,,RT-20002653
1002654,,RT-20002654
1002655,,RT-20002655
1002656,,RT-20002656
1002657,,RT-20002657
1002658,,RT-20002658
1002659,,RT-20002659
1002660,,RT-20002660
1002661,,RT-20002661
1002662,,RT-20002662
1002663,,RT-20002663
1002664,,RT-20002664
1002665,,RT-20002665
1002666,,RT-20002666
1002667,,RT-20002667
1002668,,RT-20002668
1002669,,RT-20002669
1002670,,RT-20002670
1002671,,RT-20002671
1002672,,RT-20002672
1002673,,RT-20002673
1002674,,RT-20002674
1002675,,RT-20002675
1002676,,RT-20002676
1002677,,RT-20002677
1002678,,RT-20002678
1002679,,RT-20002679
1002680,,RT-20002680
1002681,,RT-20002681
1002682,,RT-20002682
1002683,,RT-20002683
1002684,,RT-20002684
1002685,,RT-20002685
1002686,,RT-20002686
1002687,,RT-20002687
1002688,,RT-20002688
1002689,,RT-20002689
1002690,,RT-20002690
1002691,,RT-20002691
1002692,,RT-20002692
1002693,,RT-20002693
1002694,,RT-20002694
1002695,,RT-20002695
1002696,,RT-20002696
1002697,,RT-20002697
1002698,,RT-20002698
1002699,,RT-20002699
1002700,,RT-20002700
1002701,,RT-20002701
1002702,,RT-20002702
1002703,,RT-20002703
1002704,,RT-20002704
1002705,,RT-20002705
1002706,,RT-20002706
1002707,,RT-20002707
1002708,,RT-20002708
1002709,,RT-20002709
1002710,,RT-20002710
1002711,,RT-20002711
1002712,,RT-20002712
1002713,,RT-20002713
1002714,,RT-20002714
1002715,,RT-20002715
1002716,,RT-20002716
1002717,,RT-20002717
1002718,,RT-20002718
1002719,,RT-20002719
1002720,,RT-20002720
1002721,,RT-20002721
1002722,,RT-20002722
1002723,,RT-20002723
1002724,,RT-20002724
1002725,,RT-20002725
1002726,,RT-20002726
1002727,,RT-20002727
1002728,,RT-20002728
1002729,,RT-20002729
1002730,,RT-20002730
1002731,,RT-20002731
1002732,,RT-20002732
1002733,,RT-20002733
1002734,,RT-20002734
1002735,,RT-20002735
1002736,,RT-20002736
1002737,,RT-20002737
1002738,,RT-20002738
1002739,,RT-20002739
1002740,,RT-20002740
1002741,,RT-20002741
1002742,,RT-20002742
1002743,,RT-20002743
1002744,,RT-20002744
1002745,,RT-20002745
1002746,,RT-20002746
1002747,,RT-20002747
1002748,,RT-20002748
1002749,,RT-20002749
1002750,,RT-20002750
1002751,,RT-20002751
1002752,,RT-20002752
1002753,,RT-20002753
1002754,,RT-20002754
1002755,,RT-20002755
1002756,,RT-20002756
1002757,,RT-20002757
1002758,,RT-20002758
1002759,,RT-20002759
1002760,,RT-20002760
1002761,,RT-20002761
1002762,,RT-20002762
1002763,,RT-20002763
1002764,,RT-20002764
1002765,,RT-20002765
1002766,,RT-20002766
1002767,,RT-20002767
1002768,,RT-20002768
1002769,,RT-20002769
1002770,,RT-20002770
1002771,,RT-20002771
1002772,,RT-20002772
1002773,,RT-20002773
1002774,,RT-20002774
1002775,,RT-20002775
1002776,,RT-20002776
1002777,,RT-20002777
1002778,,RT-20002778
1002779,,RT-20002779
1002780,,RT-20002780
1002781,,RT-20002781
1002782,,RT-20002782
1002783,,RT-20002783
1002784,,RT-20002784
1002785,,RT-20002785
1002786,,RT-20002786
1002787,,RT-20002787
1002788,,RT-20002788
1002789,,RT-20002789
1002790,,RT-20002790
1002791,,RT-20002791
1002792,,RT-20002792
1002793,,RT-20002793
1002794,,RT-20002794
1002795,,RT-20002795
1002796,,RT-20002796
1002797,,RT-20002797
1002798,,RT-20002798
1002799,,RT-20002799
1002800,,RT-20002800
1002801,,RT-20002801
1002802,,RT-20002802
1002803,,RT-20002803
1002804,,RT-20002804
1002805,,RT-20002805
1002806,,RT-20002806
1002807,,RT-20002807
1002808,,RT-20002808
1002809,,RT-20002809
1002810,,RT-20002810
1002811,,RT-20002811
1002812,,RT-20002812
1002813,,RT-20002813
1002814,,RT-20002814
1002815,,RT-20002815
1002816,,RT-20002816
1002817,,RT-20002817
1002818,,RT-20002818
1002819,,RT-20002819
1002820,,RT-20002820
1002821,,RT-20002821
1002822,,RT-20002822
1002823,,RT-20002823
1002824,,RT-20002824
1002825,,RT-20002825
1002826,,RT-20002826
1002827,,RT-20002827
1002828,,RT-20002828
1002829,,RT-20002829
1002830,,RT-20002830
1002831,,RT-20002831
1002832,,RT-20002832
1002833,,RT-20002833
1002834,,RT-20002834
1002835,,RT-20002835
1002836,,RT-20002836
1002837,,RT-20002837
1002838,,RT-20002838
1002839,,RT-20002839
1002840,,RT-20002840
1002841,,RT-20002841
1002842,,RT-20002842
1002843,,RT-20002843
1002844,,RT-20002844
1002845,,RT-20002845
1002846,,RT-20002846
1002847,,RT-20002847
1002848,,RT-20002848
1002849,,RT-20002849
1002850,,RT-20002850
1002851,,RT-20002851
1002852,,RT-20002852
1002853,,RT-20002853
1002854,,RT-20002854
1002855,,RT-20002855
1002856,,RT-20002856
1002857,,RT-20002857
1002858,,RT-20002858
1002859,,RT-20002859
1002860,,RT-20002860
1002861,,RT-20002861
1002862,,RT-20002862
1002863,,RT-20002863
1002864,,RT-20002864
1002865,,RT-20002865
1002866,,RT-20002866
1002867,,RT-20002867
1002868,,RT-20002868
1002869,,RT-20002869
1002870,,RT-20002870
1002871,,RT-20002871
1002872,,RT-20002872
1002873,,RT-20002873
1002874,,RT-20002874
1002875,,RT-20002875
1002876,,RT-20002876
1002877,,RT-20002877
1002878,,RT-20002878
1002879,,RT-20002879
1002880,,RT-20002880
1002881,,RT-20002881
1002882,,RT-20002882
1002883,,RT-20002883
1002884,,RT-20002884
1002885,,RT-20002885
1002886,,RT-20002886
1002887,,RT-20002887
1002888,,RT-20002888
1002889,,RT-20002889
1002890,,RT-20002890
1002891,,RT-20002891
1002892,,RT-20002892
1002893,,RT-20002893
1002894,,RT-20002894
1002895,,RT-20002895
1002896,,RT-20002896
1002897,,RT-20002897
1002898,,RT-20002898
1002899,,RT-20002899
1002900,,RT-20002900
1002901,,RT-20002901
1002902,,RT-20002902
1002903,,RT-20002903
1002904,,RT-20002904
1002905,,RT-20002905
1002906,,RT-20002906
1002907,,RT-20002907
1002908,,RT-20002908
1002909,,RT-20002909
1002910,,RT-20002910
1002911,,RT-20002911
1002912,,RT-20002912
1002913,,RT-20002913
1002914,,RT-20002914
1002915,,RT-20002915
1002916,,RT-20002916
1002917,,RT-20002917
1002918,,RT-20002918
1002919,,RT-20002919
1002920,,RT-20002920
1002921,,RT-20002921
1002922,,RT-20002922
1002923,,RT-20002923
1002924,,RT-20002924
1002925,,RT-20002925
1002926,,RT-20002926
1002927,,RT-20002927
1002928,,RT-20002928
1002929,,RT-20002929
1002930,,RT-20002930
1002931,,RT-20002931
1002932,,RT-20002932
1002933,,RT-20002933
1002934,,RT-20002934
1002935,,RT-20002935
1002936,,RT-20002936
1002937,,RT-20002937
1002938,,RT-20002938
1002939,,RT-20002939
1002940,,RT-20002940
1002941,,RT-20002941
1002942,,RT-20002942
1002943,,RT-20002943
1002944,,RT-20002944
1002945,,RT-20002945
1002946,,RT-20002946
1002947,,RT-20002947
1002948,,RT-20002948
1002949,,RT-20002949
1002950,,RT-20002950
1002951,,RT-20002951
1002952,,RT-20002952
1002953,,RT-20002953
1002954,,RT-20002954
1002955,,RT-20002955
1002956,,RT-20002956
1002957,,RT-20002957
1002958,,RT-20002958
1002959,,RT-20002959
1002960,,RT-20002960
1002961,,RT-20002961
1002962,,RT-20002962
1002963,,RT-20002963
1002964,,RT-20002964
1002965,,RT-20002965
1002966,,RT-20002966
1002967,,RT-20002967
1002968,,RT-20002968
1002969,,RT-20002969
1002970,,RT-20002970
1002971,,RT-20002971
1002972,,RT-20002972
1002973,,RT-20002973
1002974,,RT-20002974
1002975,,RT-20002975
1002976,,RT-20002976
1002977,,RT-20002977
1002978,,RT-20002978
1002979,,RT-20002979
1002980,,RT-20002980
1002981,,RT-20002981
1002982,,RT-20002982
1002983,,RT-20002983
1002984,,RT-20002984
1002985,,RT-20002985
1002986,,RT-20002986
1002987,,RT-20002987
1002988,,RT-20002988
1002989,,RT-20002989
1002990,,RT-20002990
1002991,,RT-20002991
1002992,,RT-20002992
1002993,,RT-20002993
1002994,,RT-20002994
1002995,,RT-20002995
1002996,,RT-20002996
1002997,,RT-20002997
1002998,,RT-20002998
1002999,,RT-20002999
1003000,,RT-20003000
1003001,,RT-20003001
1003002,,RT-20003002
1003003,,RT-20003003
1003004,,RT-20003004
1003005,,RT-20003005
1003006,,RT-20003006
1003007,,RT-20003007
1003008,,RT-20003008
1003009,,RT-20003009
1003010,,RT-20003010
1003011,,RT-20003011
1003012,,RT-20003012
1003013,,RT-20003013
1003014,,RT-20003014
1003015,,RT-20003015
1003016,,RT-20003016
1003017,,RT-20003017
1003018,,RT-20003018
